Geography Code,Geography Name,Sex,"Asian, Asian British or Asian Welsh: Bangladeshi","Asian, Asian British or Asian Welsh: Chinese","Asian, Asian British or Asian Welsh: Indian","Asian, Asian British or Asian Welsh: Pakistani","Asian, Asian British or Asian Welsh: Other Asian","Black, Black British, Black Welsh, Caribbean or African: African","Black, Black British, Black Welsh, Caribbean or African: Caribbean","Black, Black British, Black Welsh, Caribbean or African: Other Black",Mixed or Multiple ethnic groups: White and Asian,Mixed or Multiple ethnic groups: White and Black African,Mixed or Multiple ethnic groups: White and Black Caribbean,Mixed or Multiple ethnic groups: Other Mixed or Multiple ethnic groups,"White: English, Welsh, Scottish, Northern Irish or British",White: Gypsy or Irish Traveller,White: Irish,White: Roma,White: Other White,Other ethnic group: Arab,Other ethnic group: Any other ethnic group
E06000001,Hartlepool,Female,145,120,180,140,270,175,25,30,115,65,80,95,45285,15,80,10,555,130,135
E06000001,Hartlepool,Male,130,100,155,155,200,155,30,30,125,50,65,80,42480,20,90,,530,145,150
E06000002,Middlesbrough,Female,280,355,1095,4550,965,1470,75,140,525,330,275,310,59030,75,215,145,1695,660,855
E06000002,Middlesbrough,Male,315,320,1710,4440,1070,1870,90,170,585,320,295,360,55390,85,215,175,1520,790,1160
E06000003,Redcar and Cleveland,Female,85,115,90,140,210,90,25,10,235,110,135,110,67975,55,175,,640,145,100
E06000003,Redcar and Cleveland,Male,75,90,85,145,125,90,25,25,225,105,135,130,63810,35,175,,510,175,110
E06000004,Stockton-on-Tees,Female,110,380,930,2405,745,870,45,125,545,230,175,390,90655,80,250,50,1340,250,490
E06000004,Stockton-on-Tees,Male,125,305,880,2470,695,955,85,125,585,240,240,335,86875,65,280,90,1255,310,615
E06000005,Darlington,Female,380,165,520,90,340,225,45,45,270,95,185,185,49880,240,175,45,1825,140,275
E06000005,Darlington,Male,380,145,565,105,280,230,90,65,245,100,200,185,47440,195,165,60,1700,185,325
E06000006,Halton,Female,30,215,190,65,260,125,35,40,235,165,235,270,61555,55,360,20,1390,100,190
E06000006,Halton,Male,30,200,185,60,200,170,45,90,225,180,295,185,58745,35,325,45,1440,140,335
E06000007,Warrington,Female,85,690,1110,845,745,490,130,90,605,295,370,370,94285,50,705,50,4780,165,670
E06000007,Warrington,Male,110,635,1240,915,580,585,150,130,595,295,415,385,91655,65,660,115,4935,230,740
E06000008,Blackburn with Darwen,Female,680,210,12130,13935,720,510,75,100,670,105,190,340,44480,55,295,65,2415,420,640
E06000008,Blackburn with Darwen,Male,790,190,12255,13590,670,555,90,75,660,125,180,325,43520,45,295,75,2145,420,690
E06000009,Blackpool,Female,220,270,435,245,720,195,75,45,325,205,295,255,64610,125,425,105,2490,75,300
E06000009,Blackpool,Male,220,270,455,325,510,255,100,40,320,205,345,265,62835,110,385,100,2365,140,375
E06000010,Kingston upon Hull,Female,620,625,595,615,1220,2005,80,270,525,605,480,635,112605,220,225,135,10055,645,1615
E06000010,Kingston upon Hull,Male,655,610,665,680,1230,2285,150,270,645,540,470,615,111360,230,230,150,9780,800,1870
E06000011,East Riding of Yorkshire,Female,45,435,610,225,610,295,65,45,535,260,335,445,164930,140,580,55,4195,150,415
E06000011,East Riding of Yorkshire,Male,85,330,600,305,445,320,110,60,555,290,375,405,158910,185,480,65,3625,215,490
E06000012,North East Lincolnshire,Female,155,240,290,155,450,320,50,45,235,150,185,210,74335,30,160,60,2645,145,295
E06000012,North East Lincolnshire,Male,165,195,255,180,350,320,50,60,270,155,190,225,71025,40,160,65,2510,220,375
E06000013,North Lincolnshire,Female,900,225,510,500,590,335,30,25,350,140,175,220,76660,75,260,100,4260,105,505
E06000013,North Lincolnshire,Male,940,225,615,515,600,325,55,45,370,150,180,235,73895,90,295,125,4285,120,645
E06000014,York,Female,195,1745,925,280,1065,465,110,70,845,245,310,570,91390,200,715,95,5115,275,680
E06000014,York,Male,215,1140,930,265,870,510,95,70,735,250,325,465,85575,170,600,130,4180,345,655
E06000015,Derby,Female,370,705,6370,10540,2445,3040,1605,695,1200,380,2145,1025,87655,195,975,615,8335,480,3085
E06000015,Derby,Male,460,710,6260,10495,2550,3070,1450,625,1215,545,2035,1025,85420,215,1005,545,7905,555,3430
E06000016,Leicester,Female,3480,1250,63615,6385,5645,11155,2435,1365,1845,870,2630,1795,62090,235,925,380,13060,1635,5665
E06000016,Leicester,Male,3575,1230,62805,6285,5705,10380,2030,1395,1815,905,2395,1645,60305,225,865,455,12115,1765,6205
E06000017,Rutland,Female,,75,115,,80,90,50,25,115,30,90,80,18290,20,120,,675,,90
E06000017,Rutland,Male,15,70,120,50,85,165,160,60,135,65,150,85,19080,65,145,15,495,,105
E06000018,Nottingham,Female,1100,2330,5840,10860,4140,9795,5060,2000,1680,1070,5270,1725,93915,130,1140,540,12895,1765,3365
E06000018,Nottingham,Male,1120,1935,5675,10820,4390,8945,4275,2135,1685,1055,4860,1720,91665,140,1220,590,11195,1910,3670
E06000019,Herefordshire,Female,25,195,425,70,535,175,75,35,325,160,250,265,86500,210,390,60,5020,90,365
E06000019,Herefordshire,Male,30,145,420,70,305,165,75,40,360,120,220,275,83920,220,335,100,4490,135,430
E06000020,Telford and Wrekin,Female,100,440,2290,1695,615,1950,340,310,660,335,1035,405,78305,110,365,85,4385,110,675
E06000020,Telford and Wrekin,Male,110,380,2270,1670,500,2010,410,330,655,345,1045,365,75630,90,360,100,4205,135,725
E06000021,Stoke-on-Trent,Female,780,535,1305,7755,2220,2530,390,435,870,485,1000,505,102730,150,290,205,5705,280,1730
E06000021,Stoke-on-Trent,Male,800,540,1465,7825,2380,2520,530,485,910,535,1040,515,100175,145,285,225,5795,410,1910
E06000022,Bath and North East Somerset,Female,155,1150,870,115,1120,515,275,115,935,295,755,705,84230,40,740,95,6115,265,530
E06000022,Bath and North East Somerset,Male,205,940,915,160,755,465,340,135,910,300,750,605,81250,30,690,125,4995,290,530
E06000023,Bristol,Female,1265,2965,4130,4450,3090,9240,3580,1470,2870,1330,3970,2745,169070,135,2175,400,20705,1145,3205
E06000023,Bristol,Male,1350,2500,4175,4615,2730,8905,3225,1465,2685,1290,3745,2480,169385,140,2110,565,18460,1395,3305
E06000024,North Somerset,Female,215,425,545,70,615,350,110,75,585,250,515,470,100450,110,650,65,5365,100,455
E06000024,North Somerset,Male,215,300,520,75,330,385,140,80,605,250,490,470,95465,80,560,100,4585,150,500
E06000025,South Gloucestershire,Female,260,1125,2370,660,1200,1375,555,255,965,435,1325,890,125780,220,690,160,7120,355,910
E06000025,South Gloucestershire,Male,320,990,2495,690,980,1410,665,270,990,470,1385,830,123380,220,635,215,6435,395,990
E06000026,Plymouth,Female,265,730,710,175,1280,980,205,145,675,410,570,655,120410,85,535,75,5690,285,910
E06000026,Plymouth,Male,275,700,690,215,910,1045,255,155,675,450,540,685,116395,80,520,95,4850,390,990
E06000027,Torbay,Female,50,280,255,75,660,120,65,20,350,140,290,270,65605,10,385,25,2600,55,240
E06000027,Torbay,Male,75,155,275,85,340,145,70,30,330,150,290,265,62770,30,325,50,2115,85,240
E06000030,Swindon,Female,665,660,8605,975,2610,2075,485,425,815,535,1000,900,87185,100,770,220,7645,150,1525
E06000030,Swindon,Male,735,495,9040,1050,2335,2070,560,505,880,515,970,880,86045,75,775,315,7010,190,1610
E06000031,Peterborough,Female,220,550,3540,8390,2510,3190,710,515,1005,805,975,990,64830,280,600,460,16625,365,2500
E06000031,Peterborough,Male,220,440,3625,8580,2720,3035,705,595,1020,825,1015,990,63525,270,575,480,14935,535,2520
E06000032,Luton,Female,10335,465,5655,20350,4230,5980,4440,1335,1155,665,1735,1265,36030,135,2245,360,12370,950,2730
E06000032,Luton,Male,10295,435,6440,20790,4325,5795,3775,1410,1275,600,1750,1175,35500,105,2325,445,12280,1155,2950
E06000033,Southend-on-Sea,Female,785,660,1440,885,1465,1935,415,370,730,550,815,710,75270,50,850,95,4755,180,805
E06000033,Southend-on-Sea,Male,830,510,1385,880,1020,1655,425,355,795,495,765,690,72170,55,720,145,3965,220,825
E06000034,Thurrock,Female,1225,530,2000,1030,1370,8380,1190,1210,535,570,865,695,59475,220,545,140,8520,165,1125
E06000034,Thurrock,Male,1275,470,1985,1115,1205,7790,985,1320,565,545,830,650,56955,210,445,180,8295,200,1180
E06000035,Medway,Female,995,710,3930,1050,1860,5855,1290,940,1070,685,1180,935,111305,355,930,230,7355,210,1760
E06000035,Medway,Male,970,565,3760,1075,1570,5410,1260,965,1090,705,1245,950,107645,390,935,240,6355,245,1750
E06000036,Bracknell Forest,Female,110,460,1875,440,1595,1040,250,170,645,285,475,485,48890,85,575,70,4905,135,675
E06000036,Bracknell Forest,Male,110,365,1895,505,1515,1035,305,195,695,280,495,490,48060,80,465,90,4050,175,635
E06000037,West Berkshire,Female,200,465,1505,315,705,580,305,145,670,235,525,535,69450,90,710,75,4645,120,470
E06000037,West Berkshire,Male,200,335,1585,340,345,515,320,160,605,265,530,490,68805,100,695,85,3730,160,435
E06000038,Reading,Female,540,1510,5325,4055,4170,3955,1775,860,1015,615,1825,1055,45815,45,1010,250,11040,590,1935
E06000038,Reading,Male,590,1185,5455,4225,3790,3710,1520,715,1100,635,1730,985,47355,65,1030,320,9960,690,1785
E06000039,Slough,Female,485,340,15085,17240,4005,4120,1450,675,965,395,945,860,19115,120,565,155,9075,890,3525
E06000039,Slough,Male,425,255,15125,17080,4055,3695,1325,730,980,425,910,830,18990,115,580,200,8220,940,3620
E06000040,Windsor and Maidenhead,Female,195,725,5040,3015,1355,735,295,150,1075,315,435,750,53105,150,1170,85,7815,370,1305
E06000040,Windsor and Maidenhead,Male,210,600,4785,3165,985,695,335,150,1120,305,490,750,52885,140,1010,110,6085,445,1155
E06000041,Wokingham,Female,195,1310,6330,2575,1430,1490,410,260,1065,330,675,735,64995,175,825,65,5905,480,1030
E06000041,Wokingham,Male,195,1080,6080,2665,1005,1425,455,265,1150,335,630,655,64090,160,675,110,4845,470,925
E06000042,Milton Keynes,Female,1550,1565,7625,3600,3695,11185,1530,1660,1420,1280,1495,1665,90165,70,1225,240,12675,665,2185
E06000042,Milton Keynes,Male,1640,1345,7720,3565,3335,10320,1445,1715,1555,1270,1500,1540,88405,90,1160,340,11755,685,2190
E06000043,Brighton and Hove,Female,840,1695,1895,445,2210,1985,500,255,2185,1190,1180,2330,102910,85,2070,305,15215,1435,2815
E06000043,Brighton and Hove,Male,890,1370,1740,485,1655,1960,485,265,2015,1145,1230,1955,101920,115,1875,480,11595,1615,2765
E06000044,Portsmouth,Female,2335,1100,1495,270,2040,2670,455,370,715,630,560,790,81285,60,535,155,7590,410,1370
E06000044,Portsmouth,Male,2405,1015,1610,335,1765,2700,495,380,825,615,615,735,80380,60,530,170,6515,600,1420
E06000045,Southampton,Female,1025,2225,4385,2030,3485,2715,525,380,1255,785,1070,1110,84040,170,775,235,14925,595,2220
E06000045,Southampton,Male,1040,1925,4785,2215,3295,2915,580,430,1190,750,1100,1050,85440,170,870,345,13860,715,2295
E06000046,Isle of Wight,Female,70,150,145,30,510,135,45,20,290,105,230,225,67745,20,455,35,1975,40,145
E06000046,Isle of Wight,Male,85,100,170,70,340,165,80,35,290,105,265,210,63950,45,375,40,1575,45,145
E06000047,County Durham,Female,135,1590,990,335,1040,590,130,105,990,415,435,595,252705,410,695,60,4545,400,590
E06000047,County Durham,Male,165,1245,1160,395,775,610,155,150,970,500,470,575,241930,385,690,100,3950,425,660
E06000049,Cheshire East,Female,280,890,1725,715,1385,690,275,120,1245,455,985,890,182060,165,1285,180,8375,340,1135
E06000049,Cheshire East,Male,345,650,1755,720,1060,785,335,225,1225,430,965,860,175275,180,1275,240,7510,370,1370
E06000050,Cheshire West and Chester,Female,355,730,1170,335,1270,730,155,95,1005,455,600,630,166395,185,1395,100,6245,260,735
E06000050,Cheshire West and Chester,Male,385,610,1170,320,890,785,220,125,955,450,580,615,159225,170,1255,125,5270,335,830
E06000051,Shropshire,Female,95,525,785,215,740,280,120,90,640,210,550,500,152740,160,730,80,4860,95,510
E06000051,Shropshire,Male,145,385,830,230,380,295,180,155,620,190,575,575,149180,190,775,75,4085,290,530
E06000052,Cornwall and Isles of Scilly,Female,140,605,390,125,1145,295,130,90,1240,440,865,1080,275185,390,1320,115,8300,125,2755
E06000052,Cornwall and Isles of Scilly,Male,175,430,395,110,525,280,175,90,1215,460,830,920,260620,325,1145,175,6555,175,3020
E06000054,Wiltshire,Female,430,910,1395,180,2700,1445,710,530,1360,570,1225,1215,232135,340,1395,110,10290,310,1375
E06000054,Wiltshire,Male,505,585,1415,215,2540,1535,880,680,1345,590,1255,1155,227460,370,1195,150,7970,330,1535
E06000055,Bedford,Female,2255,410,5035,2600,1400,2825,1635,560,1085,480,1805,955,60245,105,970,220,9850,250,1425
E06000055,Bedford,Male,2230,345,5040,2700,1250,2625,1590,615,1060,460,1835,910,58530,105,830,265,9055,310,1370
E06000056,Central Bedfordshire,Female,300,710,2370,635,1345,2070,1010,465,1240,590,1575,1055,123945,235,1875,135,8335,210,1015
E06000056,Central Bedfordshire,Male,270,655,2315,675,1040,1870,1135,465,1335,505,1545,1045,121825,200,1650,165,7180,280,970
E06000057,Northumberland,Female,145,295,590,270,535,205,55,35,520,205,205,310,157445,95,475,30,2100,115,355
E06000057,Northumberland,Male,155,225,590,245,320,195,70,40,510,235,250,315,150575,80,435,35,1765,155,385
E06000058,"Bournemouth, Christchurch and Poole",Female,565,1520,2295,265,2665,1355,395,245,1620,895,1350,1800,167685,225,1390,370,17505,535,2145
E06000058,"Bournemouth, Christchurch and Poole",Male,650,1045,2385,335,1825,1480,520,240,1595,945,1310,1580,161925,265,1220,490,14435,835,2290
E06000059,Dorset,Female,205,495,480,90,1080,260,105,70,840,285,445,630,182695,255,1000,70,5500,100,565
E06000059,Dorset,Male,260,320,445,150,780,340,195,110,795,315,565,560,173575,325,915,95,3985,125,555
E06000060,Buckinghamshire,Female,820,1835,12450,14820,5310,3640,2815,940,3290,955,2960,2510,203705,305,3340,225,18340,750,3670
E06000060,Buckinghamshire,Male,855,1175,11730,14725,4595,3170,2855,850,3455,945,2980,2475,197780,320,3030,325,14790,810,3525
E06000061,North Northamptonshire,Female,565,545,3685,495,1290,3645,1210,795,970,675,1495,1000,146795,185,1315,330,16075,140,1235
E06000061,North Northamptonshire,Male,540,460,3640,530,975,3245,1260,860,955,645,1530,905,142480,180,1275,410,15625,195,1370
E06000062,West Northamptonshire,Female,2255,1045,4805,1360,1840,7365,1865,1335,1335,915,2325,1530,161480,145,1980,605,20625,280,1965
E06000062,West Northamptonshire,Male,2405,850,4855,1555,1490,6940,1785,1375,1385,880,2295,1450,158025,195,1895,800,20000,405,2075
E07000008,Cambridge,Female,1415,3250,2565,745,2590,1480,330,195,1445,510,600,1140,37755,55,960,310,15260,525,1560
E07000008,Cambridge,Male,1455,3110,3350,755,2385,1035,310,210,1545,500,550,1120,39440,55,925,575,13235,615,1810
E07000009,East Cambridgeshire,Female,55,200,270,60,335,225,55,50,310,140,175,335,38505,145,350,60,3165,35,240
E07000009,East Cambridgeshire,Male,60,145,265,90,210,235,65,75,310,170,150,290,37390,120,315,55,2805,55,245
E07000010,Fenland,Female,30,135,185,30,275,215,90,55,170,100,170,200,44860,310,215,80,4770,20,345
E07000010,Fenland,Male,40,110,205,55,170,240,130,80,210,120,245,190,43170,285,220,85,4285,25,330
E07000011,Huntingdonshire,Female,200,385,835,605,935,820,220,190,590,325,490,570,77435,105,675,60,6080,75,560
E07000011,Huntingdonshire,Male,220,305,945,655,665,945,260,210,630,310,520,620,76650,165,580,70,5290,95,545
E07000012,South Cambridgeshire,Female,195,1105,2125,440,1130,755,165,120,960,290,395,695,65070,265,730,75,7170,180,700
E07000012,South Cambridgeshire,Male,225,850,2080,415,830,675,175,130,870,315,390,675,63915,215,715,100,6030,235,710
E07000026,Allerdale,Female,20,75,50,15,150,30,,,120,40,70,95,47385,25,110,20,760,15,70
E07000026,Allerdale,Male,25,65,50,20,70,30,15,,120,35,65,80,45595,25,135,15,600,25,125
E07000027,Barrow-in-Furness,Female,25,115,115,25,225,100,,,105,35,55,75,32525,10,90,,360,25,65
E07000027,Barrow-in-Furness,Male,30,115,125,30,140,125,,,125,30,60,65,31960,,90,10,350,60,95
E07000028,Carlisle,Female,85,185,220,60,310,135,20,10,175,95,80,140,51975,100,230,40,2000,90,195
E07000028,Carlisle,Male,95,175,210,75,210,140,20,10,170,90,80,140,50025,90,210,40,1795,110,190
E07000029,Copeland,Female,25,70,60,15,135,80,10,,95,35,45,60,32460,,65,,370,25,50
E07000029,Copeland,Male,30,55,60,35,60,60,25,,80,25,55,55,32390,15,95,,295,35,70
E07000030,Eden,Female,25,50,60,10,80,20,10,,55,25,40,55,26165,20,85,,795,,70
E07000030,Eden,Male,50,35,75,10,40,30,15,,80,20,30,65,25725,25,115,20,730,15,60
E07000031,South Lakeland,Female,10,115,90,35,240,55,55,15,205,75,105,160,49735,20,230,35,1965,25,130
E07000031,South Lakeland,Male,20,80,75,30,125,65,50,15,155,80,105,135,48225,15,215,40,1550,35,140
E07000032,Amber Valley,Female,20,155,255,50,175,90,60,25,220,95,305,150,60960,35,230,15,1240,10,140
E07000032,Amber Valley,Male,20,130,245,60,105,90,85,30,245,70,315,140,58975,30,220,25,1040,15,135
E07000033,Bolsover,Female,,80,130,40,135,125,50,30,95,45,115,80,37990,55,105,15,1485,15,95
E07000033,Bolsover,Male,,75,135,45,75,120,60,30,95,55,175,80,36865,40,95,15,1475,30,105
E07000034,Chesterfield,Female,35,175,370,210,245,235,110,60,185,95,295,170,49035,20,195,20,1050,25,150
E07000034,Chesterfield,Male,40,185,310,205,170,210,150,75,180,90,300,185,47355,15,220,20,935,55,190
E07000035,Derbyshire Dales,Female,,60,75,15,90,30,30,15,140,45,75,100,34945,15,175,,690,25,70
E07000035,Derbyshire Dales,Male,,55,85,85,45,25,40,30,150,30,100,85,33380,20,180,,520,25,65
E07000036,Erewash,Female,25,180,455,75,220,185,200,55,270,115,460,175,53065,20,260,30,1490,25,160
E07000036,Erewash,Male,20,140,465,75,135,160,205,65,250,85,520,180,51335,20,270,30,1250,35,210
E07000037,High Peak,Female,,125,75,35,185,60,40,15,190,90,180,170,43665,10,330,,980,10,85
E07000037,High Peak,Male,,95,65,40,65,60,30,20,185,75,170,130,42515,,310,,780,20,105
E07000038,North East Derbyshire,Female,10,130,175,60,180,80,50,30,180,75,215,115,49985,25,150,,705,,80
E07000038,North East Derbyshire,Male,,85,155,50,95,90,60,15,190,65,205,125,47675,20,155,,635,15,85
E07000039,South Derbyshire,Female,15,155,1340,210,280,225,145,50,315,90,400,180,49140,40,230,20,1470,35,325
E07000039,South Derbyshire,Male,15,130,1290,190,215,240,150,50,300,100,385,165,47495,35,205,30,1175,50,330
E07000040,East Devon,Female,100,190,145,15,375,100,45,15,290,105,205,245,73455,55,395,30,2245,35,165
E07000040,East Devon,Male,80,115,130,15,295,100,55,30,335,120,185,240,68555,90,315,25,1680,55,195
E07000041,Exeter,Female,250,1095,795,135,1100,435,70,50,665,245,215,530,55275,40,405,85,4815,360,485
E07000041,Exeter,Male,265,925,795,140,880,460,65,55,640,240,285,485,52820,60,470,100,3965,445,565
E07000042,Mid Devon,Female,10,100,80,,115,30,10,,165,70,100,135,39660,75,165,15,1545,15,100
E07000042,Mid Devon,Male,10,85,90,10,55,35,10,15,155,55,95,130,38040,70,160,35,1310,20,90
E07000043,North Devon,Female,40,105,170,40,240,75,35,35,200,65,130,175,47645,30,195,20,1235,40,110
E07000043,North Devon,Male,50,85,155,50,200,105,45,30,215,70,165,150,45295,25,190,35,960,45,145
E07000044,South Hams,Female,15,100,85,15,150,40,35,,215,55,100,180,43135,40,235,25,1375,30,130
E07000044,South Hams,Male,20,60,90,20,65,30,25,,200,50,110,135,40345,40,225,25,985,115,115
E07000045,Teignbridge,Female,50,155,90,20,285,55,20,10,310,100,155,275,65600,60,270,20,1810,30,150
E07000045,Teignbridge,Male,60,95,100,15,135,80,30,20,255,90,155,220,62335,70,305,20,1175,40,130
E07000046,Torridge,Female,,65,30,,100,15,10,,115,30,75,85,33390,30,155,10,590,,45
E07000046,Torridge,Male,,45,35,,55,20,20,,135,35,70,80,32065,25,135,,520,15,70
E07000047,West Devon,Female,,60,30,,85,40,15,,110,30,55,120,27610,15,140,15,740,20,60
E07000047,West Devon,Male,10,40,40,,55,30,10,20,115,35,55,105,26590,25,130,15,570,25,55
E07000061,Eastbourne,Female,240,330,470,90,860,420,120,75,420,240,325,405,43330,45,555,60,4370,205,595
E07000061,Eastbourne,Male,225,220,440,85,590,465,135,90,390,270,335,415,40135,30,405,75,3335,240,645
E07000062,Hastings,Female,145,205,315,60,625,400,170,75,360,205,390,400,39715,60,400,75,2655,130,465
E07000062,Hastings,Male,195,165,280,65,480,385,135,100,365,200,365,350,37700,65,380,90,2045,200,575
E07000063,Lewes,Female,120,225,260,45,425,225,85,50,400,190,265,395,45745,55,440,35,2505,75,270
E07000063,Lewes,Male,130,150,220,50,270,210,100,55,395,215,270,335,43085,45,370,35,1790,110,270
E07000064,Rother,Female,60,165,225,,335,160,85,30,305,130,215,250,44595,80,430,25,1565,60,175
E07000064,Rother,Male,60,95,200,20,220,185,80,25,265,135,205,200,40765,90,350,25,1065,65,165
E07000065,Wealden,Female,110,275,355,30,520,210,85,35,560,210,275,415,75705,195,570,45,3060,75,285
E07000065,Wealden,Male,135,160,355,50,255,160,110,45,500,180,250,320,71260,205,525,55,2190,85,295
E07000066,Basildon,Female,380,420,1925,420,1040,3385,665,595,570,435,870,615,79065,135,665,130,4410,100,680
E07000066,Basildon,Male,350,315,1930,440,770,3015,615,640,575,455,865,555,74980,100,565,150,3915,140,685
E07000067,Braintree,Female,100,195,415,110,575,650,205,110,460,220,425,440,71155,75,605,25,2970,45,365
E07000067,Braintree,Male,120,170,420,115,345,555,235,130,420,215,420,420,69130,85,480,40,2415,65,340
E07000068,Brentwood,Female,135,305,995,130,475,630,180,105,395,165,300,300,32570,55,570,30,1815,80,345
E07000068,Brentwood,Male,155,205,1020,140,350,535,185,110,415,155,335,305,31125,40,435,45,1505,85,315
E07000069,Castle Point,Female,90,145,275,80,240,420,80,75,200,70,280,185,42825,15,285,15,750,10,185
E07000069,Castle Point,Male,100,120,270,85,150,405,110,85,220,85,230,175,40175,15,245,15,645,20,210
E07000070,Chelmsford,Female,410,645,2440,530,1080,1800,400,285,705,380,685,640,76135,140,890,60,4400,165,690
E07000070,Chelmsford,Male,435,485,2285,595,740,1575,395,300,730,340,665,570,74625,115,645,90,3605,220,620
E07000071,Colchester,Female,385,960,1565,330,1930,2575,480,380,850,465,705,760,78835,90,635,105,5980,360,1050
E07000071,Colchester,Male,385,870,1460,410,1605,2330,485,415,810,515,725,770,76655,85,555,135,4620,370,1060
E07000072,Epping Forest,Female,360,460,2405,960,880,1000,735,275,685,280,745,790,52190,70,905,75,5065,155,1345
E07000072,Epping Forest,Male,340,325,2305,970,665,940,705,275,620,310,735,730,49805,75,750,85,4450,175,1330
E07000073,Harlow,Female,350,425,855,580,655,2060,465,385,320,310,535,370,35055,95,405,90,4145,140,680
E07000073,Harlow,Male,390,395,760,615,535,2095,445,380,305,280,520,420,32935,85,335,105,3955,160,705
E07000074,Maldon,Female,55,70,120,15,135,65,40,20,150,55,115,120,31710,85,250,20,685,,95
E07000074,Maldon,Male,90,55,105,20,75,55,35,20,175,50,115,110,30560,90,185,25,520,,100
E07000075,Rochford,Female,35,140,215,50,205,205,65,45,255,85,220,170,41320,50,245,15,690,15,125
E07000075,Rochford,Male,40,125,220,50,105,200,75,45,240,115,210,140,39020,50,215,15,490,20,135
E07000076,Tendring,Female,55,235,220,45,395,255,165,70,295,180,415,260,71725,40,640,15,1580,30,205
E07000076,Tendring,Male,75,270,245,45,215,200,160,65,310,180,470,280,66880,70,505,20,1185,45,260
E07000077,Uttlesford,Female,80,160,290,60,345,205,90,60,355,140,265,275,41250,65,470,40,2245,30,270
E07000077,Uttlesford,Male,90,115,280,65,235,175,120,65,375,125,230,250,39995,40,375,40,1775,45,250
E07000078,Cheltenham,Female,240,545,995,135,755,435,95,65,580,210,320,420,50015,40,565,75,4635,160,460
E07000078,Cheltenham,Male,240,320,1010,160,525,375,120,85,560,180,320,360,48920,40,465,85,3725,160,440
E07000079,Cotswold,Female,25,140,200,20,300,140,35,30,260,95,150,235,43050,35,320,30,1825,10,160
E07000079,Cotswold,Male,30,95,185,30,165,120,45,35,235,80,135,205,40495,35,315,30,1380,20,135
E07000080,Forest of Dean,Female,,80,70,15,175,50,35,20,165,70,130,125,42015,45,150,30,1110,,145
E07000080,Forest of Dean,Male,15,70,65,20,110,65,50,25,140,65,130,105,40385,60,160,35,875,20,170
E07000081,Gloucester,Female,400,270,2210,565,880,1040,960,370,430,290,1350,470,52165,125,425,130,4105,140,595
E07000081,Gloucester,Male,405,230,2270,595,720,1110,950,395,440,280,1345,410,51155,100,380,165,3715,195,645
E07000082,Stroud,Female,40,155,220,35,300,125,90,40,420,135,275,290,56810,65,365,25,2265,25,185
E07000082,Stroud,Male,55,80,220,30,115,130,95,45,365,125,305,260,55085,60,350,35,1645,55,185
E07000083,Tewkesbury,Female,50,140,395,55,370,175,65,45,280,100,300,205,43925,190,280,40,1955,35,180
E07000083,Tewkesbury,Male,60,90,400,60,305,165,85,60,250,90,290,180,41795,170,260,40,1550,40,205
E07000084,Basingstoke and Deane,Female,235,590,2365,330,2175,1320,310,210,710,325,715,580,76005,110,700,95,5675,165,875
E07000084,Basingstoke and Deane,Male,245,470,2380,380,1800,1195,370,210,745,385,750,515,75565,110,630,140,4805,175,800
E07000085,East Hampshire,Female,90,220,325,105,590,250,60,45,440,140,185,325,58110,140,410,40,2935,40,290
E07000085,East Hampshire,Male,105,145,285,120,380,195,75,35,430,120,180,265,55705,135,335,45,2135,55,255
E07000086,Eastleigh,Female,190,500,1305,175,630,470,70,75,500,245,280,395,61240,100,325,45,2695,95,405
E07000086,Eastleigh,Male,180,365,1330,195,390,480,105,95,580,220,295,300,59000,95,310,55,2215,100,385
E07000087,Fareham,Female,75,315,420,65,315,195,70,50,365,110,155,240,54210,50,275,25,1540,50,200
E07000087,Fareham,Male,70,245,415,55,135,210,110,40,340,120,190,210,52005,55,205,30,1100,60,195
E07000088,Gosport,Female,40,180,150,10,260,225,180,55,180,100,150,170,38620,25,155,15,1115,15,190
E07000088,Gosport,Male,50,135,185,15,145,215,225,90,160,90,165,190,37145,20,155,15,875,35,210
E07000089,Hart,Female,75,325,670,110,690,255,105,40,430,145,195,290,43430,130,420,40,2510,45,350
E07000089,Hart,Male,85,195,645,105,690,260,120,60,490,155,215,315,42985,115,350,40,1935,75,315
E07000090,Havant,Female,90,235,445,40,350,230,75,70,280,180,170,215,59680,35,270,20,1580,60,205
E07000090,Havant,Male,90,190,460,30,180,230,80,60,275,195,180,225,56055,35,215,30,1215,50,195
E07000091,New Forest,Female,85,255,310,35,535,200,75,70,410,165,230,325,84720,220,445,55,2780,35,290
E07000091,New Forest,Male,90,180,270,35,310,200,85,75,390,160,250,285,79125,260,385,60,2065,50,265
E07000092,Rushmoor,Female,140,290,1045,590,5300,720,305,190,410,220,340,350,35175,115,360,45,2890,70,1300
E07000092,Rushmoor,Male,155,215,1060,630,5225,725,350,240,420,190,370,280,35740,75,295,60,2455,110,1295
E07000093,Test Valley,Female,110,385,810,170,765,485,105,125,410,185,235,330,58370,80,340,40,3175,85,405
E07000093,Test Valley,Male,135,290,855,165,590,485,140,120,425,195,215,315,56505,95,270,50,2545,105,385
E07000094,Winchester,Female,135,450,560,100,830,260,90,40,505,160,200,410,57200,185,500,35,3265,90,365
E07000094,Winchester,Male,135,345,545,105,715,240,110,55,605,155,210,340,55105,190,405,50,2370,95,290
E07000095,Broxbourne,Female,150,245,740,170,650,2020,1035,420,375,250,690,720,34860,90,720,80,5630,90,2190
E07000095,Broxbourne,Male,165,175,655,155,560,1780,930,400,375,200,615,700,33030,65,590,100,5135,110,2140
E07000096,Dacorum,Female,205,410,1735,1280,955,1440,455,240,865,330,765,700,61950,95,1080,90,5440,185,740
E07000096,Dacorum,Male,255,345,1660,1310,790,1380,570,325,820,365,775,650,60160,100,1025,115,4560,215,720
E07000098,Hertsmere,Female,195,590,3365,390,1360,1995,445,280,620,280,500,735,35230,95,1150,130,6580,175,1905
E07000098,Hertsmere,Male,185,470,3295,395,1070,1715,445,300,620,225,445,605,32805,70,1005,155,5925,185,1875
E07000099,North Hertfordshire,Female,295,415,1975,290,780,780,680,210,745,255,915,605,55080,15,885,40,3715,145,640
E07000099,North Hertfordshire,Male,285,295,1835,245,535,680,650,235,710,255,905,525,53215,25,800,45,2800,150,555
E07000102,Three Rivers,Female,110,420,5230,600,1065,645,395,125,665,175,390,470,32395,45,1020,35,3540,135,655
E07000102,Three Rivers,Male,115,290,4935,575,920,590,350,130,680,165,380,465,31310,40,960,55,2915,160,620
E07000103,Watford,Female,270,575,5065,4120,2740,2060,900,410,680,350,665,735,23355,35,1135,165,6860,330,1450
E07000103,Watford,Male,225,450,4890,4075,2630,1895,830,395,725,345,635,710,23465,45,1015,180,5975,430,1435
E07000105,Ashford,Female,150,315,870,200,2375,1305,295,160,455,225,390,385,56175,330,420,40,3115,120,820
E07000105,Ashford,Male,185,260,850,205,2255,1200,280,185,440,215,385,380,53495,355,355,40,2570,175,765
E07000106,Canterbury,Female,215,730,1015,260,1105,1545,385,190,760,310,490,650,67035,200,700,90,4950,340,885
E07000106,Canterbury,Male,220,625,980,280,950,1385,265,140,650,355,495,615,62850,195,615,100,3745,335,795
E07000107,Dartford,Female,500,630,2565,370,1735,5120,605,645,480,370,515,495,39995,165,435,80,3725,120,1060
E07000107,Dartford,Male,555,535,2560,390,1680,4690,535,685,500,355,490,435,38565,145,380,80,3375,135,1070
E07000108,Dover,Female,65,160,270,20,725,265,90,60,295,155,200,255,53625,120,330,135,2365,60,405
E07000108,Dover,Male,95,140,280,25,625,280,85,55,250,145,210,245,51485,125,315,110,1805,75,460
E07000109,Gravesham,Female,315,200,4035,415,990,2765,445,435,375,255,390,360,37495,165,355,170,3940,60,1500
E07000109,Gravesham,Male,375,150,4105,430,985,2470,400,435,415,280,400,355,35535,155,345,185,3555,65,1600
E07000110,Maidstone,Female,310,375,1090,280,2025,1300,285,200,650,300,505,580,72800,535,535,115,5980,105,850
E07000110,Maidstone,Male,340,285,1055,290,2170,1265,360,200,665,310,475,530,71315,475,455,155,5490,145,985
E07000111,Sevenoaks,Female,115,440,700,120,575,710,205,105,705,165,355,445,52790,225,585,40,3585,65,375
E07000111,Sevenoaks,Male,120,325,625,135,330,625,165,125,645,170,300,400,50325,235,500,35,2685,95,380
E07000112,Folkestone and Hythe,Female,85,220,245,95,1390,195,110,50,345,160,275,275,49385,65,395,70,2295,60,475
E07000112,Folkestone and Hythe,Male,110,140,245,120,1620,190,95,45,330,145,280,300,47205,80,370,70,1680,60,490
E07000113,Swale,Female,170,185,390,60,375,1270,190,200,350,200,365,345,67830,420,420,75,3165,50,310
E07000113,Swale,Male,235,145,390,85,280,1275,265,295,410,215,450,410,66555,505,435,100,2835,75,360
E07000114,Thanet,Female,110,245,445,115,745,455,215,75,440,290,525,450,63585,100,620,185,3475,110,740
E07000114,Thanet,Male,140,200,495,155,600,405,235,90,455,300,520,445,59210,85,525,195,2740,135,720
E07000115,Tonbridge and Malling,Female,180,360,795,150,575,435,135,75,555,205,325,440,59605,250,450,30,2900,70,305
E07000115,Tonbridge and Malling,Male,195,305,750,135,425,440,140,90,490,210,345,375,57185,215,400,45,2215,100,305
E07000116,Tunbridge Wells,Female,250,380,860,155,730,440,85,75,670,195,245,415,49480,175,515,60,4085,115,435
E07000116,Tunbridge Wells,Male,300,300,835,210,545,390,90,55,615,170,235,405,47570,160,400,60,3060,135,420
E07000117,Burnley,Female,1345,85,180,4960,295,90,45,15,400,65,90,155,37680,50,245,50,1765,75,270
E07000117,Burnley,Male,1395,80,200,5145,255,90,50,35,425,100,100,165,36075,30,215,55,1950,80,350
E07000118,Chorley,Female,45,175,375,345,170,145,120,40,240,105,300,180,54990,15,295,25,1250,110,120
E07000118,Chorley,Male,75,130,370,420,95,165,125,60,280,130,345,190,54460,40,335,30,1145,125,160
E07000119,Fylde,Female,30,140,175,65,200,80,25,30,200,85,145,145,38655,20,290,20,1035,35,140
E07000119,Fylde,Male,45,105,210,110,100,110,40,45,195,85,155,145,37135,30,260,35,855,60,145
E07000120,Hyndburn,Female,225,75,175,5475,315,80,15,10,305,65,105,100,33310,35,175,20,1020,60,190
E07000120,Hyndburn,Male,230,65,185,5350,310,80,25,15,265,55,80,115,32165,50,190,25,1000,105,180
E07000121,Lancaster,Female,265,895,800,315,535,515,65,30,425,165,195,305,63870,155,445,45,3390,205,385
E07000121,Lancaster,Male,90,700,830,300,425,505,60,45,395,175,225,315,61685,150,360,45,2920,270,440
E07000122,Pendle,Female,160,90,130,12280,210,90,25,,455,45,120,140,32180,40,165,55,1790,110,305
E07000122,Pendle,Male,145,70,110,12220,155,85,25,10,430,50,110,140,31140,60,175,70,1905,125,335
E07000123,Preston,Female,365,365,9240,3775,860,1145,395,125,655,255,925,385,49495,55,455,100,4300,475,725
E07000123,Preston,Male,395,340,9810,3775,890,1210,435,180,665,250,830,395,48220,60,470,150,4020,685,960
E07000124,Ribble Valley,Female,15,75,190,295,95,35,15,,150,60,65,70,29500,,175,,515,25,65
E07000124,Ribble Valley,Male,10,65,195,285,40,45,20,,170,60,60,95,28415,,165,10,460,25,65
E07000125,Rossendale,Female,815,125,115,785,145,45,20,,220,75,120,115,32645,15,235,,495,40,90
E07000125,Rossendale,Male,775,85,110,850,75,45,35,15,205,80,145,85,31425,10,275,,390,40,100
E07000126,South Ribble,Female,30,185,575,225,210,120,85,25,325,120,375,135,52685,15,310,20,1125,40,125
E07000126,South Ribble,Male,30,145,590,200,125,145,125,35,305,115,375,155,50405,10,310,35,1005,55,140
E07000127,West Lancashire,Female,25,160,235,65,225,110,50,25,260,155,180,185,56650,,375,25,2045,65,150
E07000127,West Lancashire,Male,,105,210,55,140,135,50,20,250,155,165,200,52345,20,280,45,1995,80,170
E07000128,Wyre,Female,20,170,100,50,275,80,30,15,180,90,160,120,55060,35,250,10,735,55,80
E07000128,Wyre,Male,25,160,120,50,135,90,40,20,185,110,140,140,52110,40,240,20,640,50,105
E07000129,Blaby,Female,25,285,3465,180,365,515,220,75,420,115,505,310,43220,50,300,20,1745,85,570
E07000129,Blaby,Male,30,230,3405,235,270,465,220,95,435,150,545,280,41525,40,260,35,1555,90,570
E07000130,Charnwood,Female,1320,825,7795,300,1010,1005,210,115,805,225,690,530,71855,40,515,70,3570,285,765
E07000130,Charnwood,Male,1360,935,7940,355,1015,1075,310,125,915,300,665,525,71490,30,525,95,3270,325,785
E07000131,Harborough,Female,25,125,2190,140,265,170,80,35,385,75,305,210,43060,95,295,,1415,30,350
E07000131,Harborough,Male,40,105,2060,140,200,240,120,50,380,105,295,245,42415,95,260,15,1190,50,340
E07000132,Hinckley and Bosworth,Female,35,225,1030,95,275,215,75,40,350,110,325,250,52155,35,285,20,1790,40,250
E07000132,Hinckley and Bosworth,Male,50,160,990,130,160,205,110,40,335,105,315,210,51070,45,270,30,1485,50,285
E07000133,Melton,Female,10,70,160,,90,55,40,15,120,40,100,75,24540,10,140,,945,15,65
E07000133,Melton,Male,10,45,145,,50,50,30,,115,40,105,65,23520,15,130,10,825,20,60
E07000134,North West Leicestershire,Female,,135,400,30,260,205,65,35,290,95,270,155,48765,60,240,25,1825,25,195
E07000134,North West Leicestershire,Male,,100,380,40,185,220,80,40,290,80,260,160,47665,70,215,40,1550,40,220
E07000135,Oadby and Wigston,Female,165,185,6135,1170,535,390,215,75,350,95,260,215,17915,,195,,910,185,745
E07000135,Oadby and Wigston,Male,150,140,6055,1110,485,335,180,60,380,100,280,190,16595,,165,15,780,195,770
E07000136,Boston,Female,25,65,290,155,195,185,10,25,120,80,130,150,26640,70,80,95,7105,55,335
E07000136,Boston,Male,40,45,315,160,150,175,45,25,140,95,150,145,25900,70,80,100,6595,65,395
E07000137,East Lindsey,Female,45,140,135,50,245,75,45,20,230,80,285,175,69470,65,240,30,1325,20,100
E07000137,East Lindsey,Male,65,130,150,65,115,70,65,15,225,80,265,140,66565,60,235,25,1090,35,130
E07000138,Lincoln,Female,150,385,380,140,565,570,105,60,300,170,235,265,43430,65,310,60,4630,140,445
E07000138,Lincoln,Male,170,405,410,165,580,525,130,75,355,200,235,305,42465,80,340,100,4185,180,505
E07000139,North Kesteven,Female,40,165,190,45,210,105,50,35,230,100,205,180,56550,35,255,15,1610,45,155
E07000139,North Kesteven,Male,45,120,180,50,115,130,55,35,220,115,170,145,54755,25,255,15,1220,50,150
E07000140,South Holland,Female,30,110,240,30,210,165,60,35,160,105,180,170,40710,75,155,80,5570,25,250
E07000140,South Holland,Male,35,95,225,40,160,160,60,40,180,115,150,165,39535,95,120,90,5190,25,280
E07000141,South Kesteven,Female,30,265,430,115,490,280,110,50,310,150,255,265,66660,55,365,35,3730,40,265
E07000141,South Kesteven,Male,35,235,435,120,365,275,110,55,280,170,275,245,63080,55,320,35,3090,55,270
E07000142,West Lindsey,Female,10,115,265,55,170,95,55,20,175,85,175,125,45675,120,205,,950,35,125
E07000142,West Lindsey,Male,,70,280,65,100,90,50,25,180,85,150,105,44285,95,170,10,740,50,125
E07000143,Breckland,Female,45,145,175,35,315,150,80,55,240,225,225,315,63450,85,335,60,5055,,360
E07000143,Breckland,Male,75,105,165,70,205,235,155,145,245,230,290,285,62070,120,320,85,4885,25,420
E07000144,Broadland,Female,90,265,285,30,380,230,45,60,330,210,155,255,62805,35,280,15,1735,45,205
E07000144,Broadland,Male,90,170,270,35,215,240,50,55,335,185,150,220,60460,25,230,25,1255,50,195
E07000145,Great Yarmouth,Female,25,135,425,65,405,455,45,65,170,220,185,205,45090,70,165,50,2730,25,330
E07000145,Great Yarmouth,Male,40,110,360,55,315,405,60,80,205,205,170,220,43575,65,185,65,2365,50,370
E07000146,King's Lynn and West Norfolk,Female,45,195,635,80,595,255,65,75,270,235,220,325,69800,210,345,65,5060,70,420
E07000146,King's Lynn and West Norfolk,Male,60,205,605,85,385,265,80,105,255,195,230,290,67165,205,310,75,4330,85,440
E07000147,North Norfolk,Female,,100,45,,175,40,35,,150,90,120,130,50225,35,250,15,1145,,105
E07000147,North Norfolk,Male,20,55,65,10,90,60,25,20,160,80,125,120,48180,50,220,20,870,20,110
E07000148,Norwich,Female,415,870,1290,220,1320,1415,165,175,660,480,465,685,56130,90,480,105,6725,360,800
E07000148,Norwich,Male,425,755,1280,310,980,1390,230,200,630,490,475,640,55495,125,405,110,5760,540,835
E07000149,South Norfolk,Female,75,310,480,60,470,410,75,75,395,185,175,320,66535,80,260,25,2460,65,255
E07000149,South Norfolk,Male,75,245,500,70,280,455,90,60,350,180,215,265,63760,70,260,45,1980,80,255
E07000163,Craven,Female,,45,95,250,100,20,15,,105,45,65,65,27590,30,130,,655,15,65
E07000163,Craven,Male,10,55,110,250,55,25,,10,105,40,65,85,26100,15,110,,495,20,60
E07000164,Hambleton,Female,,85,100,35,135,55,25,35,155,55,70,100,44365,60,160,,880,25,90
E07000164,Hambleton,Male,10,60,90,30,105,65,35,30,125,50,75,105,42310,55,190,,725,40,120
E07000165,Harrogate,Female,40,405,450,105,620,335,90,55,535,160,245,370,75065,45,530,50,3470,70,370
E07000165,Harrogate,Male,30,350,460,120,365,350,120,80,460,180,285,340,72415,40,450,55,3130,100,325
E07000166,Richmondshire,Female,,30,35,,350,60,45,65,80,40,50,50,22765,15,85,,435,15,180
E07000166,Richmondshire,Male,,20,35,15,845,105,90,80,70,45,50,75,23265,20,115,,285,20,325
E07000167,Ryedale,Female,,45,30,20,85,25,10,,60,40,35,80,26600,30,110,,755,10,65
E07000167,Ryedale,Male,15,45,25,20,35,35,,,70,50,40,50,25365,30,125,15,660,20,70
E07000168,Scarborough,Female,95,115,190,70,285,140,15,,200,85,100,150,52340,15,165,55,1660,55,160
E07000168,Scarborough,Male,95,105,170,70,180,130,30,10,205,75,120,130,49505,45,150,80,1440,75,215
E07000169,Selby,Female,,135,125,15,130,70,20,15,180,55,120,100,43845,90,190,25,1535,50,105
E07000169,Selby,Male,,80,120,25,55,70,35,25,140,70,110,110,42535,65,170,20,1380,45,130
E07000170,Ashfield,Female,25,185,450,85,280,500,195,110,240,130,490,200,59125,40,155,25,1960,35,215
E07000170,Ashfield,Male,30,175,425,120,195,460,200,115,210,135,465,185,56850,25,160,30,1780,65,235
E07000171,Bassetlaw,Female,15,125,235,75,255,175,75,55,195,90,205,185,54755,55,150,25,2450,50,215
E07000171,Bassetlaw,Male,25,110,285,130,190,205,125,105,190,85,300,155,53580,80,170,40,2315,45,275
E07000172,Broxtowe,Female,55,640,1205,630,610,540,260,105,410,145,585,280,47765,15,330,25,2270,220,465
E07000172,Broxtowe,Male,55,650,1185,605,520,590,265,110,395,140,595,275,45955,10,325,40,1910,280,505
E07000173,Gedling,Female,60,255,900,755,395,530,655,195,430,175,1095,375,51530,10,490,20,2020,85,400
E07000173,Gedling,Male,45,220,850,695,350,495,610,195,425,175,1045,400,48835,15,400,35,1560,100,420
E07000174,Mansfield,Female,170,180,400,115,265,365,140,70,170,115,335,165,49095,35,205,85,3790,90,305
E07000174,Mansfield,Male,170,160,440,135,205,390,125,85,175,105,315,165,47380,55,185,100,3790,95,330
E07000175,Newark and Sherwood,Female,40,160,240,55,220,190,95,55,250,100,310,175,56990,150,295,50,2820,50,215
E07000175,Newark and Sherwood,Male,70,140,255,110,125,240,130,95,285,115,385,225,54950,190,275,50,2595,70,195
E07000176,Rushcliffe,Female,55,505,1725,740,460,275,190,45,620,145,535,380,52095,15,465,25,1945,160,345
E07000176,Rushcliffe,Male,75,395,1745,760,315,300,205,80,605,150,540,330,50385,30,430,20,1420,210,360
E07000177,Cherwell,Female,135,805,1400,1525,1145,840,290,185,725,370,630,620,63100,75,625,155,7515,155,820
E07000177,Cherwell,Male,155,605,1395,1630,910,890,400,240,715,360,595,600,62320,100,620,200,7115,225,825
E07000178,Oxford,Female,1060,2430,3135,3330,2730,2640,875,395,1605,555,990,1450,43730,30,1145,230,13410,635,2040
E07000178,Oxford,Male,965,2050,2870,3285,3135,2420,750,455,1595,515,925,1370,42940,35,1205,270,11565,810,2455
E07000179,South Oxfordshire,Female,100,385,800,195,750,425,155,95,650,195,375,470,64375,60,710,55,5125,95,515
E07000179,South Oxfordshire,Male,150,285,845,240,515,475,190,125,640,200,415,455,63515,45,605,85,4210,115,450
E07000180,Vale of White Horse,Female,115,645,785,315,935,735,220,165,630,235,385,520,57635,65,605,55,5125,160,625
E07000180,Vale of White Horse,Male,140,635,805,335,775,715,285,195,635,200,350,500,57880,55,540,75,4065,190,580
E07000181,West Oxfordshire,Female,100,240,235,65,425,270,75,35,410,150,250,290,51245,95,455,50,3375,55,275
E07000181,West Oxfordshire,Male,110,160,260,65,265,205,85,50,410,140,230,260,50400,90,395,55,2605,80,255
E07000187,Mendip,Female,35,210,145,15,320,125,40,20,320,105,190,240,54580,115,400,30,2605,15,195
E07000187,Mendip,Male,50,190,175,20,135,105,50,30,320,135,160,195,52030,125,355,55,2055,30,170
E07000188,Sedgemoor,Female,90,135,355,30,310,135,35,30,235,125,140,210,57810,95,245,50,2990,25,225
E07000188,Sedgemoor,Male,100,110,370,35,275,115,55,50,260,135,155,175,56530,90,250,75,2950,50,300
E07000189,South Somerset,Female,75,195,405,60,540,280,90,60,310,195,230,315,80595,95,345,75,3990,50,260
E07000189,South Somerset,Male,105,140,400,70,335,275,65,45,290,190,225,265,77730,100,310,70,3520,65,300
E07000192,Cannock Chase,Female,30,130,245,60,175,95,90,35,180,55,365,125,48200,15,160,15,885,,130
E07000192,Cannock Chase,Male,35,115,255,55,100,95,120,30,165,55,365,110,46820,15,155,15,845,20,135
E07000193,East Staffordshire,Female,95,185,505,4230,635,340,220,60,410,90,565,235,48810,40,240,95,4630,80,520
E07000193,East Staffordshire,Male,110,165,575,4405,635,375,270,120,455,110,625,230,48210,60,285,120,4565,110,605
E07000194,Lichfield,Female,80,165,755,110,175,90,120,40,295,85,410,190,49665,10,335,15,1230,20,200
E07000194,Lichfield,Male,85,150,725,120,135,110,195,40,310,85,385,225,48290,15,330,25,1000,30,185
E07000195,Newcastle-under-Lyme,Female,125,360,865,515,605,505,105,50,345,120,330,205,56395,40,185,25,1645,95,320
E07000195,Newcastle-under-Lyme,Male,150,280,845,430,470,425,120,80,325,125,330,205,54550,30,180,35,1430,105,340
E07000196,South Staffordshire,Female,10,100,1065,105,165,120,170,50,275,55,530,150,51265,60,240,15,540,30,215
E07000196,South Staffordshire,Male,50,90,1055,330,140,185,375,125,340,65,645,180,50565,130,240,15,495,30,250
E07000197,Stafford,Female,70,255,950,235,600,345,265,120,340,120,550,270,62275,55,360,35,1960,100,325
E07000197,Stafford,Male,75,215,905,285,570,370,245,95,340,125,555,250,60930,55,340,35,1760,120,355
E07000198,Staffordshire Moorlands,Female,,70,100,45,140,40,40,,160,40,150,100,46860,35,130,,575,10,65
E07000198,Staffordshire Moorlands,Male,10,55,100,55,85,35,50,15,150,50,155,100,45710,20,125,,465,15,75
E07000199,Tamworth,Female,25,110,250,45,160,80,120,40,175,60,395,130,36270,,235,50,1635,25,100
E07000199,Tamworth,Male,15,90,255,55,75,70,140,45,195,60,360,100,35190,10,215,60,1640,30,130
E07000200,Babergh,Female,50,90,120,20,215,130,65,45,195,100,180,190,44310,30,275,15,1340,15,155
E07000200,Babergh,Male,60,85,115,20,105,155,60,50,185,110,205,190,42105,10,205,15,965,25,155
E07000202,Ipswich,Female,1015,400,1190,185,1070,1235,745,415,405,575,1555,730,52280,185,315,320,6360,140,1210
E07000202,Ipswich,Male,1000,350,1175,190,1035,1245,765,480,415,580,1460,695,51930,170,270,340,5585,220,1415
E07000203,Mid Suffolk,Female,20,105,110,15,240,125,65,40,180,105,245,190,48910,50,220,,1255,15,165
E07000203,Mid Suffolk,Male,20,70,95,20,130,150,105,75,185,95,235,225,47670,45,220,20,1065,25,190
E07000207,Elmbridge,Female,310,840,1830,455,1495,605,200,95,1205,300,440,970,52210,75,1300,75,7915,415,1005
E07000207,Elmbridge,Male,320,575,1710,465,1055,530,190,110,1165,380,415,810,50655,75,1025,105,6065,470,895
E07000208,Epsom and Ewell,Female,255,760,1665,730,1520,505,180,125,695,185,275,600,28490,45,665,65,3790,340,850
E07000208,Epsom and Ewell,Male,270,535,1525,745,1230,465,175,125,725,215,325,530,27645,40,525,75,2975,380,700
E07000209,Guildford,Female,225,1315,1365,430,1725,805,185,140,860,300,365,660,55740,220,685,105,6470,305,1025
E07000209,Guildford,Male,255,1000,1505,490,1320,725,175,125,910,315,345,630,55335,245,605,130,5245,425,935
E07000210,Mole Valley,Female,130,275,440,130,500,260,90,40,460,115,200,370,38060,60,510,20,2825,105,300
E07000210,Mole Valley,Male,115,185,430,115,320,190,80,45,420,110,215,300,36925,40,440,35,2140,120,275
E07000211,Reigate and Banstead,Female,425,565,2340,990,1630,1505,495,240,930,395,625,805,58670,115,930,65,5190,200,900
E07000211,Reigate and Banstead,Male,460,385,2295,1040,1250,1370,505,300,965,350,645,830,57275,165,790,80,4050,260,820
E07000212,Runnymede,Female,205,530,2030,415,1110,595,190,65,600,205,290,480,32785,200,600,75,4305,235,640
E07000212,Runnymede,Male,200,435,2000,425,795,500,170,75,595,200,285,465,31180,170,530,110,3595,225,580
E07000213,Spelthorne,Female,200,450,3775,815,1460,880,305,130,760,250,360,585,35925,145,715,90,4265,225,1005
E07000213,Spelthorne,Male,230,345,3785,855,1225,835,275,125,730,235,355,495,35335,130,610,125,3665,300,970
E07000214,Surrey Heath,Female,235,370,1475,610,1470,475,130,85,475,135,210,395,35520,105,475,40,2980,160,650
E07000214,Surrey Heath,Male,240,220,1465,680,1290,480,165,100,490,125,270,360,34950,95,360,55,2315,200,600
E07000215,Tandridge,Female,115,300,660,170,560,525,390,135,595,190,460,485,37565,180,550,20,2235,40,365
E07000215,Tandridge,Male,105,160,640,175,385,405,360,110,545,170,460,435,35780,150,450,20,1635,55,300
E07000216,Waverley,Female,115,480,415,370,605,290,105,60,695,165,210,415,56755,120,730,30,4080,65,320
E07000216,Waverley,Male,130,320,380,460,345,300,90,45,630,150,225,355,54570,140,565,50,3050,80,315
E07000217,Woking,Female,330,575,1645,3615,1315,675,175,115,750,245,280,555,34670,50,575,125,5490,320,800
E07000217,Woking,Male,355,415,1710,3710,1065,655,150,110,720,235,325,505,35245,40,475,175,4685,320,740
E07000218,North Warwickshire,Female,,45,220,60,95,55,90,25,145,55,280,110,30855,10,225,25,720,15,80
E07000218,North Warwickshire,Male,,45,245,65,60,55,105,30,125,45,260,95,29740,,250,35,645,15,85
E07000219,Nuneaton and Bedworth,Female,60,190,3625,490,1170,815,225,165,330,130,540,200,55865,40,350,55,3270,75,690
E07000219,Nuneaton and Bedworth,Male,60,165,3530,450,1040,805,265,170,365,140,530,220,53940,55,345,70,2940,90,725
E07000220,Rugby,Female,150,400,2670,470,720,980,400,200,470,200,590,310,43020,30,535,85,5545,65,575
E07000220,Rugby,Male,150,385,2650,495,640,920,390,220,515,210,580,325,42665,40,535,125,5435,80,590
E07000221,Stratford-on-Avon,Female,20,255,610,120,380,125,95,25,480,105,285,290,62295,80,595,35,3210,60,295
E07000221,Stratford-on-Avon,Male,20,175,625,125,235,115,85,35,440,140,300,250,59040,70,590,60,2710,70,295
E07000222,Warwick,Female,65,775,4995,420,955,560,230,80,865,225,565,550,56400,25,1100,65,5525,140,1070
E07000222,Warwick,Male,70,680,5120,465,865,440,215,90,880,225,600,565,56250,30,1015,100,5020,165,1050
E07000223,Adur,Female,180,160,160,40,215,160,45,25,300,155,150,260,29515,55,255,25,1275,85,265
E07000223,Adur,Male,190,105,140,50,150,200,65,35,235,165,155,210,27875,50,235,30,985,120,225
E07000224,Arun,Female,240,240,345,40,495,245,85,55,395,195,300,370,75595,105,555,65,5655,50,405
E07000224,Arun,Male,285,195,380,70,345,255,135,80,390,225,280,330,70585,110,465,95,4780,75,390
E07000225,Chichester,Female,75,250,310,30,520,205,80,50,365,140,250,305,58020,145,490,40,2965,60,250
E07000225,Chichester,Male,100,160,315,30,370,245,135,65,355,150,200,280,53800,145,370,50,2370,85,275
E07000226,Crawley,Female,285,310,3640,3000,1805,1635,325,690,610,495,540,735,36900,55,460,155,6325,295,1230
E07000226,Crawley,Male,340,255,3695,3120,1785,1660,360,660,685,505,540,725,36280,45,370,180,6165,380,1245
E07000227,Horsham,Female,120,375,710,195,730,465,120,85,605,200,280,520,65790,115,620,50,3700,95,380
E07000227,Horsham,Male,145,255,710,210,530,430,135,75,555,200,290,480,63560,120,545,50,2895,115,330
E07000228,Mid Sussex,Female,295,370,1230,140,930,480,160,70,825,280,325,560,66710,95,785,70,4580,95,500
E07000228,Mid Sussex,Male,305,220,1260,135,620,390,150,90,770,275,310,480,64265,80,670,80,3395,115,460
E07000229,Worthing,Female,345,320,525,125,1005,430,115,55,485,280,275,400,48760,45,540,85,3195,110,415
E07000229,Worthing,Male,380,255,570,140,720,465,135,80,495,255,270,390,45920,35,405,110,2620,135,445
E07000234,Bromsgrove,Female,35,210,935,185,240,135,170,60,385,70,465,245,45930,35,485,,865,55,215
E07000234,Bromsgrove,Male,25,200,920,220,190,145,205,50,400,70,555,220,43745,50,495,,685,65,195
E07000235,Malvern Hills,Female,25,175,150,65,180,85,30,15,240,75,105,120,37995,95,215,,1135,20,120
E07000235,Malvern Hills,Male,30,120,150,60,95,75,35,20,230,85,145,115,36200,100,175,,845,30,110
E07000236,Redditch,Female,105,120,525,1535,205,155,265,80,235,55,655,175,36410,30,295,15,2925,30,230
E07000236,Redditch,Male,120,115,520,1615,140,180,285,90,260,65,675,160,35330,20,245,40,2860,35,235
E07000237,Worcester,Female,280,215,700,1265,570,445,120,65,340,220,305,270,43680,50,290,50,3645,75,410
E07000237,Worcester,Male,260,170,635,1310,445,390,120,70,380,205,325,245,42190,45,275,80,3170,85,465
E07000238,Wychavon,Female,25,125,300,70,300,85,85,35,275,90,240,225,61150,335,320,65,3515,40,225
E07000238,Wychavon,Male,45,100,305,90,140,105,110,45,270,70,240,190,58900,305,305,85,3355,60,275
E07000239,Wyre Forest,Female,295,135,240,60,240,80,70,30,245,70,285,140,47870,225,270,25,1340,25,135
E07000239,Wyre Forest,Male,450,110,200,80,130,80,100,40,225,40,320,145,46090,225,205,20,1145,40,180
E07000240,St Albans,Female,1565,930,1980,825,1160,965,455,215,1230,315,630,955,54900,80,1585,75,6640,430,935
E07000240,St Albans,Male,1540,695,1875,790,805,855,450,220,1330,335,675,890,54060,65,1390,75,4995,450,800
E07000241,Welwyn Hatfield,Female,290,735,2430,560,1205,2925,555,335,655,425,675,690,40895,155,820,110,6080,260,1135
E07000241,Welwyn Hatfield,Male,310,590,2785,640,1060,2630,515,350,695,440,660,685,39655,115,750,155,5570,275,1035
E07000242,East Hertfordshire,Female,175,460,760,185,620,635,225,115,720,250,525,595,64460,65,985,125,5080,110,560
E07000242,East Hertfordshire,Male,190,325,685,205,415,570,270,135,710,240,595,610,62785,80,870,155,3980,145,535
E07000243,Stevenage,Female,410,295,1255,460,1045,1555,395,260,375,245,615,385,33940,30,505,50,2975,115,430
E07000243,Stevenage,Male,390,245,1290,495,820,1440,405,290,395,255,575,370,33455,40,465,45,2590,155,445
E07000244,East Suffolk,Female,125,400,465,115,675,365,145,110,530,300,510,525,117450,65,565,40,3395,50,385
E07000244,East Suffolk,Male,160,340,570,145,455,345,275,110,545,275,545,475,111615,80,525,40,2850,65,425
E07000245,West Suffolk,Female,110,295,720,195,1150,535,220,390,545,375,390,900,74795,120,650,80,7280,150,930
E07000245,West Suffolk,Male,175,305,725,295,760,775,340,610,620,465,510,1075,73140,150,735,115,8090,85,1145
E07000246,Somerset West and Taunton,Female,105,320,570,45,680,320,55,45,365,165,220,270,73175,85,365,75,3735,55,320
E07000246,Somerset West and Taunton,Male,130,360,530,55,440,305,65,40,345,165,240,240,69380,100,360,75,3225,90,330
E08000001,Bolton,Female,455,580,13100,13725,1685,4810,295,705,1210,630,815,670,103675,285,680,185,3830,915,1805
E08000001,Bolton,Male,530,540,13140,14175,1670,4485,310,630,1125,615,920,655,99810,235,750,190,3305,900,1925
E08000002,Bury,Female,165,575,915,7500,1030,1315,340,225,845,385,835,535,77450,75,1130,60,3570,325,1470
E08000002,Bury,Male,315,480,950,7645,1015,1205,360,240,825,360,785,550,74080,60,1065,75,3160,390,1545
E08000003,Manchester,Female,4835,6665,7515,32805,5825,24465,5640,3790,3145,3140,5240,3525,134740,335,4760,370,17770,6990,6330
E08000003,Manchester,Male,4840,5980,7340,33070,6235,23395,4830,3775,3005,2850,4750,3370,133830,265,4680,515,16370,8040,6920
E08000004,Oldham,Female,10905,420,865,16550,1240,3125,410,510,920,530,1190,490,81180,90,715,275,2745,225,1385
E08000004,Oldham,Male,10850,400,810,16255,1275,2940,465,760,910,515,1165,410,76735,90,565,270,2235,295,1385
E08000005,Rochdale,Female,2615,465,600,15265,1810,3360,215,500,870,655,635,515,80210,95,905,85,3530,375,1355
E08000005,Rochdale,Male,2555,400,590,15265,1845,3120,225,510,865,555,670,520,76460,100,830,75,3195,440,1495
E08000006,Salford,Female,395,1745,1810,2010,1465,6725,640,820,925,1050,1325,950,99655,135,1365,230,9555,1545,2040
E08000006,Salford,Male,405,1570,1935,2065,1530,6750,695,835,920,1050,1270,1015,99960,160,1520,285,9385,1670,2510
E08000007,Stockport,Female,505,1275,2245,5495,1505,1045,430,275,1175,600,1120,970,126150,45,2240,65,4020,730,1490
E08000007,Stockport,Male,460,1035,2190,5460,1305,985,470,215,1185,635,1095,890,119680,45,1935,65,3280,775,1695
E08000008,Tameside,Female,2955,720,1945,4455,695,2080,275,245,705,450,920,440,97265,55,770,40,2905,240,630
E08000008,Tameside,Male,2885,680,1795,4510,555,2035,335,300,635,410,935,465,93040,60,770,60,2720,300,790
E08000009,Trafford,Female,345,2560,5150,5765,1330,1825,1860,500,1220,560,1600,1210,86710,20,2575,60,4505,1210,1650
E08000009,Trafford,Male,290,2250,5060,5715,1125,1810,1585,510,1225,510,1490,1025,82840,25,2310,75,3640,1245,1675
E08000010,Wigan,Female,85,660,780,645,830,1515,130,225,635,425,530,520,152955,115,660,135,4500,290,695
E08000010,Wigan,Male,75,575,750,695,730,1565,200,270,660,460,615,505,149525,135,690,155,4080,420,890
E08000011,Knowsley,Female,15,335,450,95,395,480,70,90,285,325,360,375,74680,,445,45,1830,110,265
E08000011,Knowsley,Male,15,295,485,90,325,485,60,80,290,325,380,315,68015,15,410,65,1715,180,300
E08000012,Liverpool,Female,930,4415,3050,1695,3355,6290,725,1405,1860,2215,2145,2530,194635,275,3520,535,12420,3900,3560
E08000012,Liverpool,Male,990,4425,3200,1975,3730,6420,765,1360,1800,1940,1980,2405,181150,225,3310,630,11740,4415,4165
E08000013,St. Helens,Female,80,345,255,110,515,290,45,55,280,210,230,230,87485,80,540,30,2100,155,295
E08000013,St. Helens,Male,90,310,300,130,440,270,55,60,315,205,235,260,84060,65,405,40,2085,225,360
E08000014,Sefton,Female,200,650,535,120,775,495,110,65,640,370,485,525,132400,15,1160,110,4495,225,620
E08000014,Sefton,Male,220,570,475,140,610,510,200,130,585,450,410,590,123925,30,1080,110,4210,300,695
E08000015,Wirral,Female,665,1015,940,185,1030,420,160,95,770,500,555,650,152775,25,1385,40,3060,245,605
E08000015,Wirral,Male,655,835,990,180,810,430,170,110,835,470,500,645,143190,20,1255,90,2850,340,695
E08000016,Barnsley,Female,25,270,230,175,490,675,75,105,280,190,390,260,115490,110,240,130,4575,75,505
E08000016,Barnsley,Male,15,270,275,195,355,640,90,135,325,205,365,280,110995,120,285,185,4800,140,610
E08000017,Doncaster,Female,80,545,1105,1400,1215,1155,295,255,535,360,905,445,135435,335,485,260,8790,175,1510
E08000017,Doncaster,Male,110,485,1175,1750,1220,1375,375,290,660,355,900,440,131445,520,515,425,8745,250,1785
E08000018,Rotherham,Female,65,400,640,5035,1000,1200,135,205,670,295,600,410,119745,115,330,325,3050,345,990
E08000018,Rotherham,Male,60,360,670,4970,985,1060,200,215,630,290,580,375,114870,110,325,375,2710,435,1040
E08000019,Sheffield,Female,2060,3875,3310,13835,3625,9375,2370,1325,2570,1235,3870,2390,210860,170,1360,1230,10640,4265,3960
E08000019,Sheffield,Male,2195,3520,3490,13835,3815,8865,2280,1300,2640,1195,3655,2145,203835,175,1390,1225,9330,4690,4615
E08000021,Newcastle upon Tyne,Female,3515,2850,3155,4315,2570,4250,185,525,1350,675,445,1020,114040,165,960,515,7040,1945,2275
E08000021,Newcastle upon Tyne,Male,3730,2530,4150,4440,2870,4305,155,500,1250,700,470,1010,109525,165,935,515,6140,2230,2705
E08000022,North Tyneside,Female,500,645,800,255,640,495,35,65,525,320,265,365,99560,30,410,45,2130,140,400
E08000022,North Tyneside,Male,505,580,740,275,455,525,65,95,490,340,235,335,93745,25,390,65,1810,210,455
E08000023,South Tyneside,Female,1105,165,350,220,335,295,30,45,330,200,130,365,70910,25,150,20,860,245,290
E08000023,South Tyneside,Male,1080,135,355,275,300,315,50,55,325,200,135,305,66520,30,200,25,740,270,395
E08000024,Sunderland,Female,1410,525,895,335,905,1130,65,105,465,265,205,325,131380,125,245,50,2050,155,450
E08000024,Sunderland,Male,1495,415,1010,350,865,1170,65,125,435,270,235,310,123275,105,265,60,1820,265,555
E08000025,Birmingham,Female,24350,6775,33705,98720,16100,34825,24515,7195,6665,2480,13010,6455,250270,350,8845,835,24265,9320,15810
E08000025,Birmingham,Male,23880,5710,32815,96380,16945,31990,20205,7025,6465,2200,12110,5820,240940,335,8115,1000,21650,9875,16955
E08000026,Coventry,Female,2135,2290,16005,6275,4860,12365,1775,1575,1585,825,2430,1150,95995,150,2850,515,14310,1145,4910
E08000026,Coventry,Male,2120,2280,16090,6385,5475,11745,1685,1580,1595,840,2165,1140,94895,145,2810,600,13975,1335,5315
E08000027,Dudley,Female,325,510,3965,7505,1375,1830,1915,530,1090,245,2640,685,135460,225,550,75,3395,945,1205
E08000027,Dudley,Male,290,495,3850,7400,1330,1670,1710,515,1165,235,2495,640,131105,200,560,115,2900,1080,1255
E08000028,Sandwell,Female,5550,630,22130,11125,4470,6500,7175,2050,1690,465,4185,1280,90745,165,780,165,7970,940,5560
E08000028,Sandwell,Male,5520,575,22250,11020,4750,6165,5925,1960,1585,465,3845,1170,87185,160,810,210,7435,1075,6150
E08000029,Solihull,Female,535,920,5725,3815,1080,670,1020,285,1025,200,1880,680,86880,45,2025,25,2810,455,1210
E08000029,Solihull,Male,540,840,5620,3795,975,675,1015,295,1045,220,1815,625,81520,30,1895,30,2410,435,1175
E08000030,Walsall,Female,3235,465,11450,10010,1760,3340,2550,845,1225,300,2595,780,98335,180,550,100,4910,255,2585
E08000030,Walsall,Male,3140,425,11275,9730,1705,3100,2335,850,1160,320,2235,695,93195,175,520,120,4640,255,2770
E08000031,Wolverhampton,Female,275,415,20925,3310,2855,5765,5270,1780,1275,485,4340,1125,73990,120,575,195,7010,395,4070
E08000031,Wolverhampton,Male,255,385,21130,3365,2985,5395,4635,1795,1300,455,4155,935,70315,135,595,255,6515,570,4380
E08000032,Bradford,Female,6315,725,7305,70765,3965,3500,1310,640,3260,615,2280,1480,158950,430,1145,795,10320,1290,3880
E08000032,Bradford,Male,6090,620,7125,68785,3970,3565,1305,660,3195,580,2145,1445,150960,420,995,785,9200,1445,4145
E08000033,Calderdale,Female,350,235,925,8950,585,435,180,95,705,200,675,425,87720,65,830,115,2670,155,590
E08000033,Calderdale,Male,330,180,935,8690,545,415,220,95,755,175,675,420,83265,75,730,130,2235,175,680
E08000034,Kirklees,Female,490,805,11405,27605,2060,2080,2115,725,2030,520,3275,1070,156550,80,1240,150,5655,870,2140
E08000034,Kirklees,Male,575,720,11330,27190,2020,2100,2210,720,1950,515,3160,1070,149030,85,1095,165,4920,1045,2450
E08000035,Leeds,Female,2905,4540,10515,15855,6090,16515,4185,2600,3655,2275,5290,2975,304930,450,3465,760,19655,2820,6105
E08000035,Leeds,Male,2970,3575,10575,15550,5925,15695,3705,2675,3755,2020,4740,2685,290805,430,3425,850,17030,3160,6800
E08000036,Wakefield,Female,35,595,1150,3575,1100,1760,150,270,805,405,665,525,158585,140,440,105,8100,230,910
E08000036,Wakefield,Male,40,520,1140,3530,950,1830,210,295,905,455,675,505,153045,140,520,125,7540,330,1070
E08000037,Gateshead,Female,180,605,505,470,760,915,45,135,425,250,190,275,90540,55,330,130,2695,460,995
E08000037,Gateshead,Male,195,540,525,475,670,940,65,120,445,295,195,315,86595,60,380,130,2585,470,1210
E09000001,City of London and Westminster,Female,3940,4275,4010,1225,5770,5765,2505,940,2035,1085,1140,3015,28495,25,1995,715,28190,7595,6465
E09000001,City of London and Westminster,Male,3880,2895,4275,1270,4145,4840,1855,785,1860,1055,975,2640,32315,25,1930,845,24150,7955,5935
E09000002,Barking and Dagenham,Female,11185,750,5655,7590,2810,18565,3305,3065,770,1240,1475,1220,35070,95,650,360,14435,810,3235
E09000002,Barking and Dagenham,Male,11210,635,5845,8210,2690,16535,2520,2820,780,1135,1500,1200,32480,90,535,500,14065,680,3160
E09000003,Barnet,Female,1450,5320,15830,3325,13075,12415,2820,1550,3010,2030,1845,4015,70810,110,4010,685,39260,3580,15655
E09000003,Barnet,Male,1425,4115,14560,3360,12515,10255,2135,1480,3020,1720,1660,3590,69970,70,3635,865,35345,3800,15030
E09000004,Bexley,Female,885,2115,5570,650,3280,12330,1795,1830,1085,855,1260,1235,82230,315,1410,135,7945,230,2820
E09000004,Bexley,Male,905,1875,5355,730,3070,10935,1435,1755,1095,870,1230,1110,76610,305,1115,165,6925,295,2715
E09000005,Brent,Female,1115,1950,33070,7440,12680,17020,12150,3765,1910,1720,2010,3540,24975,120,4680,1105,27185,8475,8220
E09000005,Brent,Male,1070,1440,33085,7780,11880,14050,9110,3405,1700,1465,1765,3145,26635,115,4635,1415,26835,9450,7720
E09000006,Bromley,Female,790,2750,6335,875,3735,7035,4500,2030,2445,1240,2845,2695,112510,315,2735,260,14860,540,3240
E09000006,Bromley,Male,960,2325,5995,905,2635,6160,3670,1755,2305,1190,2645,2380,106980,260,2220,295,11860,665,3055
E09000007,Camden,Female,7395,4000,3620,810,4985,7855,1510,1035,2295,1085,1355,2715,36865,70,2695,450,24575,2100,5240
E09000007,Camden,Male,6965,2730,3335,800,3410,6335,1190,965,1950,975,1200,2365,37485,55,2630,530,19710,2315,4540
E09000008,Croydon,Female,1805,2175,14845,7565,8345,21680,20560,6385,2875,2285,5510,4940,73495,115,2735,505,19655,1075,6540
E09000008,Croydon,Male,1745,1775,14720,7780,7735,18535,15545,5730,2865,2170,4865,4235,72770,100,2200,615,16795,1180,6265
E09000009,Ealing,Female,1825,2645,27180,8320,16025,11995,7375,2075,2705,1240,2430,3480,43370,130,4360,650,31030,7825,11545
E09000009,Ealing,Male,1860,1880,27625,8395,15485,10585,5525,1940,2740,1210,2170,3195,45895,115,4150,780,27980,8280,11110
E09000010,Enfield,Female,4120,1535,6185,1800,6145,20120,9760,3705,1870,1485,2700,3985,52355,210,3275,575,31875,1225,19540
E09000010,Enfield,Male,4005,1155,5685,1875,5470,16345,7230,3355,1945,1505,2465,3595,50785,160,2690,545,29405,1310,17985
E09000011,Greenwich,Female,1180,3950,5050,1770,7765,23075,4695,3890,1805,1730,2660,2900,59965,200,2150,425,19135,695,5525
E09000011,Greenwich,Male,1215,3175,5075,1770,7075,21110,4030,3800,1685,1570,2480,2465,59700,185,2080,455,16710,765,5145
E09000012,Hackney,Female,3410,2060,4565,1235,3175,16295,10295,3640,1980,1420,2475,3390,43230,130,2710,370,23180,1130,10610
E09000012,Hackney,Male,3145,1400,4265,1230,2400,13180,7610,3620,1710,1315,2270,2925,44695,120,2875,495,19905,1215,9470
E09000013,Hammersmith and Fulham,Female,625,2425,2040,970,4535,7345,3775,1330,1660,980,1675,2320,35270,50,2585,700,21870,2740,4320
E09000013,Hammersmith and Fulham,Male,650,1825,2060,1040,3130,5895,2855,1255,1480,800,1485,1925,34835,45,2230,785,17315,2790,3545
E09000014,Haringey,Female,2405,2130,3150,1075,3495,13650,9265,2785,2040,1400,2770,3615,41165,125,2910,830,31100,1200,11885
E09000014,Haringey,Male,2410,1720,2685,1085,2920,11205,7075,2485,1875,1175,2555,3125,43135,110,2790,1175,27245,1325,11145
E09000015,Harrow,Female,930,1500,38565,5215,14335,5790,3620,1140,1530,565,1160,1765,26200,75,2950,615,16935,3115,6405
E09000015,Harrow,Male,890,1285,36180,5045,14205,4790,2895,915,1610,540,1025,1640,27365,105,2660,805,17525,3125,6190
E09000016,Havering,Female,2340,1155,5675,2750,2425,7550,2685,1355,1140,795,1650,1415,89785,135,1580,205,10290,410,2325
E09000016,Havering,Male,2430,855,5615,2935,1965,6590,2150,1240,1205,740,1575,1230,84450,125,1315,225,9205,400,2140
E09000017,Hillingdon,Female,2005,1700,28615,7000,11720,8200,3115,1200,2080,930,1660,2065,57210,255,2970,310,14260,2150,7405
E09000017,Hillingdon,Male,2045,1485,28725,7245,11400,7640,2635,1160,2120,965,1490,2045,56165,225,2615,380,12995,2310,7405
E09000018,Hounslow,Female,1375,1420,29755,8555,11485,8005,1845,1135,2060,1080,1380,2320,40635,155,2045,445,20905,2530,7850
E09000018,Hounslow,Male,1325,1245,31075,8900,10715,6890,1730,1205,2070,1060,1345,2195,41295,145,1850,535,19075,2935,7620
E09000019,Islington,Female,3035,3150,2100,485,3100,10045,4180,1675,1925,1230,2210,3310,42440,65,3675,420,22050,1485,6720
E09000019,Islington,Male,2935,1975,1950,510,2290,8045,3190,1610,1825,1025,1960,2740,43655,45,3390,540,18485,1505,5615
E09000020,Kensington and Chelsea,Female,770,2195,1670,675,4510,3855,1790,545,1485,660,905,1890,23350,40,1480,530,22365,3225,4370
E09000020,Kensington and Chelsea,Male,715,1645,1540,610,2695,3090,1445,555,1560,630,820,1575,23535,45,1345,515,18190,3160,3400
E09000021,Kingston upon Thames,Female,450,2350,3980,2220,6995,1670,575,270,1815,570,805,1475,45280,35,1385,205,11970,1775,3220
E09000021,Kingston upon Thames,Male,480,1775,3750,2160,5775,1435,505,285,1725,520,760,1330,45010,30,1245,240,9435,1805,2760
E09000022,Lambeth,Female,1260,2920,3185,1845,3205,20120,16285,5035,2410,2195,4395,4435,58075,40,3385,640,24890,1220,8175
E09000022,Lambeth,Male,1240,2070,2870,2025,2435,17240,12705,4760,2130,1810,3955,4300,61320,105,3445,895,21980,1430,7225
E09000023,Lewisham,Female,925,3530,2670,1125,6115,20310,18240,5810,2225,1985,4775,4050,55575,50,2585,460,20015,740,6635
E09000023,Lewisham,Male,900,2770,2375,1235,5285,17525,13640,4945,2135,1785,3950,3345,56150,65,2470,575,16805,930,5845
E09000024,Merton,Female,1260,2050,4840,4650,7690,6505,4275,1535,1845,880,1560,2235,44365,115,2265,330,19040,925,4160
E09000024,Merton,Male,1210,1565,4770,5020,6970,5710,3355,1505,1910,845,1450,2045,44305,80,2070,480,16560,995,3815
E09000025,Newham,Female,27700,3325,18430,15110,8390,21955,7595,3515,1620,1745,2145,2835,24665,165,1010,1000,25720,1710,7090
E09000025,Newham,Male,27975,2890,20210,16105,8050,18915,5995,3325,1705,1575,2105,2690,27155,185,1030,1345,25675,1825,6555
E09000026,Redbridge,Female,16035,1620,25300,21695,8635,7800,4715,1535,1795,890,1520,2255,36320,85,1680,525,16170,1140,7220
E09000026,Redbridge,Male,15860,1300,25885,22305,8200,6775,3740,1535,1780,825,1635,2035,35525,100,1410,580,15580,1125,7140
E09000027,Richmond upon Thames,Female,465,1645,3830,890,2820,1220,475,260,2120,610,875,1910,61730,45,2655,180,16230,805,2555
E09000027,Richmond upon Thames,Male,450,1130,3410,860,1965,1040,465,235,2115,595,780,1655,61360,35,2210,220,12435,915,2075
E09000028,Southwark,Female,2815,4725,3170,940,4840,26120,10455,5610,2345,1825,3250,3830,53295,90,2960,585,21845,1440,8500
E09000028,Southwark,Male,2730,3680,2975,1065,3600,22200,7700,5215,2305,1745,3155,3700,55960,65,3065,995,19360,1680,7810
E09000029,Sutton,Female,885,2155,6355,3010,6435,4010,1860,825,1540,625,1375,1670,61395,65,1665,145,10525,680,2935
E09000029,Sutton,Male,890,1835,6265,3170,5790,3430,1590,745,1530,645,1400,1380,58620,65,1455,175,9035,715,2750
E09000030,Tower Hamlets,Female,54250,5900,4845,1565,3845,7905,2680,1180,2240,1185,1855,2680,33015,55,1635,810,22945,1685,4160
E09000030,Tower Hamlets,Male,53080,4380,5290,1775,2925,7465,2250,1210,2130,1055,1735,2525,38160,60,1935,1415,22240,1900,4330
E09000031,Waltham Forest,Female,2545,1405,4670,14105,5075,9895,9975,2750,2055,1440,2730,3285,47145,105,2195,630,23890,1295,6755
E09000031,Waltham Forest,Male,2620,1220,4465,14635,4805,8865,7615,2550,1820,1340,2405,2910,47620,95,2035,765,22540,1590,6585
E09000032,Wandsworth,Female,875,2830,5030,6040,5835,9675,6510,2290,2950,1310,2755,3720,79480,45,4245,745,30830,1900,5180
E09000032,Wandsworth,Male,765,1825,4570,6205,4335,7655,4845,2090,2825,1185,2585,3265,77565,75,3810,985,24300,1960,4400
E12000001,North East,Female,7990,7815,10095,13520,9310,10715,765,1365,6300,3170,2725,4345,1229400,1375,4170,1100,27470,4780,7205
E12000001,North East,Male,8365,6625,11925,13770,8625,11355,940,1500,6190,3355,2925,4260,1168155,1245,4215,1275,24315,5625,8730
E12000002,North West,Female,30330,28585,69790,151350,33250,63925,13080,10395,24155,15320,23855,19520,3072320,2915,31530,3290,132245,20325,31075
E12000002,North West,Male,30530,25465,70625,152260,30505,62680,12835,10995,23675,14690,23105,18925,2947065,2825,29885,4070,121245,23540,35215
E12000003,Yorkshire and the Humber,Female,14395,16115,40540,149470,25770,40825,11370,6870,18320,7965,20120,12975,2260760,2835,12845,4465,109120,11785,25140
E12000003,Yorkshire and the Humber,Male,14625,13470,40785,146970,24920,40085,11370,7130,18570,7680,19175,12210,2170505,3055,12370,5000,99010,13690,28480
E12000004,East Midlands,Female,10240,12155,115565,35305,24325,42735,15855,7770,15300,7030,23465,13125,1971020,2240,13790,3330,135155,6175,23280
E12000004,East Midlands,Male,10740,10815,114265,35730,21955,40425,14970,8230,15505,7310,22935,12575,1911370,2380,13340,3870,123285,7185,25300
E12000005,West Midlands,Female,38920,17720,138415,160585,44325,75370,48045,16300,23240,8115,41525,17860,2173145,3085,24520,3035,129440,15000,44555
E12000005,West Midlands,Male,38600,15580,137615,158580,43925,70715,42150,16440,23235,7900,39665,16685,2102410,3125,23370,3775,119125,16790,47880
E12000006,Eastern,Female,25140,20940,68195,48985,44145,61500,21110,11575,25460,13790,25955,24890,2526110,4580,30635,4320,228730,7025,35015
E12000006,Eastern,Male,25545,17505,68775,50465,36170,57230,20775,12760,25985,13585,25995,23990,2446040,4400,27335,5355,200870,8615,35580
E12000007,London,Female,162065,83655,329785,142515,213275,375785,195180,75680,63670,40315,69155,90195,1619770,3625,81265,16550,685170,67455,216500
E12000007,London,Male,159990,63865,326485,148035,187970,321270,150225,70230,61520,37025,63400,80495,1619510,3405,75065,21140,605670,72335,200475
E12000008,South East,Female,19360,36270,121320,71825,85995,77570,21670,13450,44030,19335,30930,37385,3715940,8355,41525,5670,321145,13560,53490
E12000008,South East,Male,20520,28060,120215,73485,73490,72970,21855,14070,44075,19295,31160,34660,3599120,8390,36695,7115,265425,16015,52615
E12000009,South West,Female,5755,14920,29025,8395,25255,21635,8355,4310,17675,7780,16665,15885,2550330,3155,16475,2485,140400,4470,18585
E12000009,South West,Male,6465,11600,29820,9035,18920,21685,8870,4760,17285,7860,16550,14370,2457820,3225,15225,3300,117195,5835,19820
E92000001,England,Female,314195,238180,922730,781950,505650,770060,335430,147715,238145,122825,254400,236185,21118795,32170,256750,44245,1908870,150570,454850
E92000001,England,Male,315370,192985,920520,788335,446480,698415,283990,146115,236045,118705,244910,218165,20421995,32050,237505,54890,1676130,169630,454100
K04000001,England and Wales,Female,321555,245865,933035,790415,517085,779940,337100,149655,245110,126980,261340,242655,22555435,33955,263620,45075,1953820,155865,461690
K04000001,England and Wales,Male,323325,199750,931285,797405,455700,708440,286020,148125,243115,122620,251700,224455,21799600,33815,243845,55905,1714175,175980,462085
W06000001,Isle of Anglesey,Female,20,55,45,10,105,35,10,,90,40,70,80,33885,15,205,20,445,25,50
W06000001,Isle of Anglesey,Male,20,50,50,10,60,35,,10,100,40,85,90,32455,35,175,15,335,35,55
W06000002,Gwynedd,Female,80,290,220,100,295,205,50,30,220,100,190,170,55725,60,295,15,1560,140,125
W06000002,Gwynedd,Male,120,290,265,110,200,170,35,25,215,80,180,175,53820,55,260,30,1170,175,150
W06000003,Conwy,Female,75,225,180,95,305,85,35,20,230,95,165,145,55480,55,470,,1320,50,120
W06000003,Conwy,Male,105,205,195,100,165,80,25,30,225,95,160,135,52445,50,370,15,965,65,155
W06000004,Denbighshire,Female,60,155,145,75,380,95,20,30,180,80,145,110,46535,25,240,10,770,50,100
W06000004,Denbighshire,Male,55,180,185,90,320,85,25,15,170,80,165,115,43935,35,240,20,670,65,145
W06000005,Flintshire,Female,55,200,175,65,270,100,20,20,260,110,155,195,73645,65,335,30,3110,30,210
W06000005,Flintshire,Male,55,170,220,60,180,75,40,35,245,130,180,175,70710,55,295,45,2935,65,235
W06000006,Wrexham,Female,120,170,235,115,475,335,30,65,220,190,175,165,61965,50,210,25,3365,95,240
W06000006,Wrexham,Male,155,135,305,170,370,320,55,75,225,200,205,175,60580,70,215,40,3155,125,300
W06000008,Ceredigion,Female,30,180,175,70,135,125,25,20,145,60,95,140,33370,30,215,15,1505,65,110
W06000008,Ceredigion,Male,45,140,150,75,95,125,50,20,150,70,95,120,32305,25,215,15,1080,70,120
W06000009,Pembrokeshire,Female,75,125,115,40,295,80,35,15,195,85,135,180,59795,290,385,20,1255,30,150
W06000009,Pembrokeshire,Male,70,95,130,40,180,70,25,25,205,80,150,140,57020,285,315,15,995,60,175
W06000010,Carmarthenshire,Female,55,215,270,110,595,135,65,30,310,135,230,215,90410,210,340,35,2540,120,200
W06000010,Carmarthenshire,Male,80,165,290,130,410,110,75,40,325,120,210,215,86265,225,310,35,2285,145,250
W06000011,Swansea,Female,1405,1025,1020,445,1340,1060,110,150,610,340,355,575,106085,55,590,45,4270,670,810
W06000011,Swansea,Male,1460,905,1150,510,1185,1165,125,185,675,335,310,605,102620,40,520,70,3760,905,995
W06000012,Neath Port Talbot,Female,245,175,220,100,350,120,65,55,245,130,270,200,68795,95,215,15,935,35,145
W06000012,Neath Port Talbot,Male,265,215,305,125,255,155,80,45,245,80,265,145,66315,75,225,15,825,70,170
W06000013,Bridgend,Female,70,260,290,75,425,100,30,30,270,125,235,195,69735,25,205,30,1320,40,155
W06000013,Bridgend,Male,95,230,295,105,305,155,65,45,255,155,250,195,68020,35,245,25,1160,40,190
W06000014,Vale of Glamorgan,Female,90,305,455,170,470,155,110,55,365,235,520,385,62750,25,360,15,1550,120,220
W06000014,Vale of Glamorgan,Male,85,275,440,165,355,130,110,70,370,245,485,385,58620,25,300,10,1145,145,230
W06000015,Cardiff,Female,3435,2715,4380,4200,2955,5295,615,1025,1785,1385,2220,2070,136710,370,1200,265,9260,3100,2485
W06000015,Cardiff,Male,3455,2305,4460,4415,2675,5295,735,935,1790,1225,2080,1955,129825,305,1135,330,7535,3525,2885
W06000016,Rhondda Cynon Taf,Female,60,470,485,195,560,350,55,55,365,265,320,320,115460,35,265,15,1710,70,270
W06000016,Rhondda Cynon Taf,Male,185,420,475,210,445,400,60,80,345,260,315,280,110660,35,250,15,1480,125,290
W06000018,Caerphilly,Female,,235,220,75,305,65,40,20,270,130,260,220,86555,15,195,20,1185,35,135
W06000018,Caerphilly,Male,30,210,235,80,185,65,55,40,265,115,280,215,82800,25,195,25,940,50,160
W06000019,Blaenau Gwent,Female,10,65,95,30,100,35,15,,65,35,125,60,32635,70,45,,620,15,40
W06000019,Blaenau Gwent,Male,15,75,120,45,70,40,15,,75,30,95,85,31355,65,45,,610,25,65
W06000020,Torfaen,Female,45,110,115,40,315,55,30,20,125,70,180,115,45110,145,165,15,625,20,105
W06000020,Torfaen,Male,55,105,140,50,230,60,40,20,140,65,165,145,42765,120,130,20,505,25,90
W06000021,Monmouthshire,Female,25,160,155,40,255,65,30,15,175,90,125,140,44555,10,240,,1155,35,140
W06000021,Monmouthshire,Male,30,115,160,55,190,65,30,20,200,90,135,155,43010,25,210,15,880,55,95
W06000022,Newport,Female,1350,370,1055,2360,965,1340,230,245,590,335,765,540,65485,50,355,190,3670,495,785
W06000022,Newport,Male,1510,340,965,2445,835,1345,320,250,600,305,765,560,62760,120,330,215,3300,505,950
W06000023,Powys,Female,35,90,90,20,395,30,50,25,195,70,155,175,63890,55,290,25,1685,45,150
W06000023,Powys,Male,45,70,85,30,385,45,50,30,180,80,140,145,62470,45,290,25,1380,55,160
W06000024,Merthyr Tydfil,Female,20,85,160,40,145,25,,10,60,50,60,80,28070,30,50,10,1085,,90
W06000024,Merthyr Tydfil,Male,30,70,145,50,125,35,,,65,35,75,85,26845,25,65,15,945,10,120
W92000004,Wales,Female,7360,7690,10305,8465,11435,9880,1670,1940,6965,4155,6940,6475,1436640,1785,6875,830,44950,5290,6840
W92000004,Wales,Male,7955,6765,10765,9065,9220,10025,2030,2005,7070,3915,6790,6290,1377605,1765,6340,1015,38045,6350,7985